Countries,2000_DWU,2001_DWU,2002_DWU,2003_DWU,2004_DWU,2005_DWU,2006_DWU,2007_DWU,2008_DWU,2009_DWU,2010_DWU,2011_DWU,2012_DWU,2013_DWU,2014_DWU,2015_DWU,2016_DWU,2000_AMR,2001_AMR,2002_AMR,2003_AMR,2004_AMR,2005_AMR,2006_AMR,2007_AMR,2008_AMR,2009_AMR,2010_AMR,2011_AMR,2012_AMR,2013_AMR,2014_AMR,2015_AMR,2016_AMR
Afghanistan,28.0,28.0,30.0,32.0,34.0,36.0,38.0,41.0,43.0,46.0,48.0,51.0,53.0,56.0,59.0,61.0,64.0,316,307,292,286,282,277,276,273,265,260,255,248,242,235,234,233,245
Albania,87.0,87.0,87.0,88.0,89.0,89.0,90.0,90.0,90.0,91.0,91.0,92.0,92.0,93.0,93.0,93.0,94.0,106,100,102,107,101,106,101,101,102,103,103,103,103,100,98,92,96
Algeria,90.0,90.0,90.0,91.0,91.0,91.0,91.0,92.0,92.0,92.0,92.0,93.0,93.0,93.0,93.0,93.0,94.0,142,139,135,133,125,119,115,111,108,107,104,103,101,100,98,96,95
Angola,41.0,42.0,43.0,44.0,45.0,46.0,47.0,48.0,49.0,50.0,50.0,51.0,52.0,53.0,54.0,54.0,55.0,384,372,355,343,334,323,314,303,292,281,270,260,253,249,244,240,238
Antigua and Barbuda,98.0,98.0,98.0,98.0,98.0,98.0,98.0,97.0,97.0,97.0,97.0,97.0,97.0,97.0,97.0,97.0,97.0,157,154,149,151,153,156,155,149,147,138,135,128,127,127,127,122,120
Argentina,96.0,97.0,97.0,97.0,97.0,97.0,98.0,98.0,98.0,98.0,98.0,99.0,99.0,99.0,99.0,99.0,99.0,139,138,137,134,128,125,124,126,123,123,119,118,118,116,113,113,111
Armenia,95.0,95.0,96.0,96.0,96.0,97.0,97.0,97.0,98.0,98.0,98.0,99.0,99.0,99.0,99.0,100.0,100.0,143,143,137,137,135,140,145,137,144,142,138,135,131,121,118,121,116
Australia,100.0,100.0,100.0,100.0,100.0,100.0,100.0,100.0,100.0,100.0,100.0,100.0,100.0,100.0,100.0,100.0,100.0,77,74,72,69,67,68,65,65,64,65,63,62,60,60,61,62,61
Austria,100.0,100.0,100.0,100.0,100.0,100.0,100.0,100.0,100.0,100.0,100.0,100.0,100.0,100.0,100.0,100.0,100.0,94,90,87,86,84,84,80,80,76,77,74,72,68,67,65,64,62
Azerbaijan,74.0,75.0,76.0,77.0,78.0,80.0,81.0,82.0,83.0,85.0,86.0,87.0,89.0,90.0,91.0,92.0,93.0,161,149,144,151,151,160,153,141,142,133,132,129,126,124,121,120,118
Bahamas,98.0,98.0,98.0,98.0,98.0,98.0,99.0,99.0,99.0,99.0,99.0,99.0,99.0,99.0,99.0,99.0,99.0,202,204,206,203,187,180,177,171,168,166,159,158,163,166,168,161,159
Bahrain,100.0,100.0,100.0,100.0,100.0,100.0,100.0,100.0,100.0,100.0,100.0,100.0,100.0,100.0,100.0,100.0,100.0,101,98,99,92,94,83,89,80,73,69,66,66,66,63,62,59,57
Bangladesh,95.0,95.0,95.0,95.0,95.0,96.0,96.0,96.0,96.0,96.0,96.0,97.0,97.0,97.0,97.0,97.0,97.0,173,168,164,161,158,154,151,150,147,145,143,141,140,138,136,133,130
Barbados,98.0,98.0,98.0,98.0,98.0,98.0,98.0,98.0,98.0,98.0,98.0,98.0,98.0,98.0,98.0,98.0,98.0,128,127,126,123,116,114,113,112,112,110,108,106,108,101,101,101,100
Belarus,99.0,99.0,99.0,99.0,99.0,99.0,99.0,98.0,98.0,98.0,98.0,97.0,97.0,97.0,96.0,96.0,96.0,247,255,264,254,249,255,246,230,228,225,226,227,192,183,175,163,161
Belgium,100.0,100.0,100.0,100.0,100.0,100.0,100.0,100.0,100.0,100.0,100.0,100.0,100.0,100.0,100.0,100.0,100.0,99,98,97,94,89,88,85,86,86,84,81,81,79,77,73,72,72
Belize,87.0,88.0,89.0,89.0,90.0,91.0,91.0,92.0,93.0,93.0,94.0,95.0,95.0,96.0,97.0,97.0,98.0,198,203,200,199,195,190,185,181,183,183,182,182,183,184,183,182,179
Benin,62.0,62.0,63.0,63.0,63.0,63.0,63.0,64.0,64.0,64.0,64.0,64.0,64.0,65.0,65.0,65.0,65.0,282,283,284,285,285,284,282,281,276,261,257,254,252,250,248,246,242
Bhutan,83.0,84.0,85.0,86.0,87.0,88.0,89.0,90.0,91.0,92.0,92.0,93.0,94.0,95.0,95.0,96.0,97.0,309,287,279,271,264,254,246,239,235,232,228,225,222,219,215,211,207
Bolivia (Plurinational State of),80.0,81.0,82.0,82.0,83.0,84.0,84.0,85.0,86.0,87.0,87.0,88.0,89.0,89.0,90.0,90.0,91.0,243,238,234,230,226,222,219,215,211,207,202,198,195,192,188,185,182
Bosnia and Herzegovina,97.0,97.0,97.0,97.0,97.0,97.0,97.0,97.0,97.0,97.0,97.0,97.0,96.0,96.0,96.0,96.0,96.0,128,125,111,113,108,112,109,114,105,104,101,100,98,97,96,94,92
Botswana,75.0,76.0,76.0,76.0,76.0,76.0,77.0,79.0,80.0,82.0,83.0,84.0,85.0,86.0,87.0,88.0,89.0,601,628,645,641,607,535,471,422,396,354,331,319,302,291,277,263,249
Brazil,93.0,94.0,94.0,94.0,95.0,95.0,95.0,96.0,96.0,96.0,97.0,97.0,97.0,97.0,98.0,98.0,98.0,184,180,176,172,169,162,160,158,157,156,154,153,150,148,145,145,143
Brunei Darussalam,100.0,100.0,100.0,100.0,100.0,100.0,100.0,99.0,99.0,99.0,99.0,100.0,100.0,100.0,100.0,100.0,100.0,105,101,95,91,89,92,94,96,94,93,91,91,92,94,96,99,98
Bulgaria,100.0,100.0,100.0,100.0,100.0,100.0,100.0,100.0,99.0,99.0,99.0,99.0,99.0,99.0,99.0,99.0,99.0,163,159,156,154,154,156,157,153,150,147,143,141,137,135,141,136,135
Burkina Faso,58.0,58.0,58.0,57.0,57.0,56.0,56.0,55.0,54.0,54.0,53.0,53.0,52.0,51.0,51.0,50.0,50.0,342,339,335,330,323,314,303,294,289,282,277,272,267,266,264,260,255
Burundi,51.0,51.0,52.0,52.0,53.0,54.0,54.0,55.0,55.0,56.0,57.0,57.0,58.0,58.0,59.0,60.0,60.0,370,365,369,370,364,357,350,345,340,330,323,315,308,302,300,296,290
Cabo Verde,79.0,79.0,79.0,80.0,80.0,81.0,81.0,82.0,82.0,83.0,83.0,83.0,84.0,84.0,85.0,85.0,86.0,167,164,162,160,159,157,150,146,142,139,138,136,133,129,126,124,122
Cambodia,53.0,54.0,56.0,57.0,59.0,60.0,61.0,62.0,63.0,64.0,65.0,66.0,66.0,67.0,68.0,68.0,69.0,280,277,274,270,262,249,234,221,211,203,196,191,186,183,178,174,170
Cameroon,58.0,58.0,59.0,59.0,59.0,60.0,60.0,61.0,61.0,62.0,62.0,62.0,63.0,63.0,64.0,64.0,64.0,412,411,409,408,404,389,379,376,365,358,355,354,352,352,358,355,341
Canada,99.0,99.0,99.0,99.0,99.0,99.0,99.0,99.0,99.0,99.0,99.0,99.0,99.0,99.0,99.0,99.0,99.0,81,79,78,77,76,76,74,74,73,71,69,67,68,66,65,64,63
Central African Republic,59.0,58.0,57.0,55.0,54.0,53.0,52.0,51.0,50.0,49.0,48.0,47.0,45.0,44.0,43.0,42.0,41.0,531,544,547,547,545,539,530,516,495,470,458,450,445,467,444,418,412
Chad,40.0,40.0,40.0,40.0,41.0,41.0,41.0,42.0,42.0,42.0,43.0,43.0,43.0,44.0,44.0,44.0,45.0,413,409,412,412,413,412,419,400,400,380,373,370,371,370,374,367,360
Chile,96.0,96.0,96.0,97.0,97.0,97.0,97.0,98.0,98.0,98.0,98.0,99.0,99.0,99.0,99.0,100.0,100.0,103,106,100,100,98,95,93,93,91,94,94,90,89,90,88,88,87
China,80.0,81.0,82.0,83.0,84.0,85.0,85.0,86.0,87.0,88.0,89.0,89.0,90.0,91.0,91.0,92.0,92.0,110,105,101,99,97,95,93,92,93,89,88,86,85,84,83,82,80
Colombia,91.0,92.0,92.0,93.0,93.0,93.0,94.0,94.0,94.0,95.0,95.0,95.0,95.0,96.0,96.0,96.0,97.0,171,170,169,155,152,144,146,141,142,147,146,140,140,139,139,138,137
Comoros,91.0,91.0,90.0,89.0,88.0,88.0,87.0,86.0,85.0,84.0,83.0,83.0,82.0,81.0,80.0,80.0,80.0,272,272,271,271,269,266,262,259,255,251,245,241,236,233,230,227,225
Congo,57.0,57.0,58.0,58.0,60.0,61.0,62.0,63.0,64.0,65.0,66.0,67.0,68.0,69.0,70.0,71.0,72.0,417,420,425,418,407,392,366,351,334,310,300,291,281,278,279,275,261
Costa Rica,94.0,95.0,95.0,96.0,96.0,96.0,97.0,97.0,98.0,98.0,98.0,98.0,99.0,99.0,99.0,99.0,100.0,100,101,100,101,102,96,104,91,97,96,106,100,99,97,95,97,97
Côte d'Ivoire,71.0,71.0,71.0,71.0,71.0,71.0,71.0,71.0,71.0,71.0,71.0,71.0,71.0,71.0,71.0,71.0,71.0,461,469,477,478,475,459,444,437,423,424,415,409,416,418,418,410,398
Croatia,99.0,99.0,99.0,99.0,99.0,99.0,99.0,99.0,83.41436464088397,83.83977900552486,84.25966850828729,84.46153846153847,84.84615384615384,85.27472527472527,85.66483516483517,86.06593406593407,86.52197802197803,133,129,124,121,113,116,114,115,117,109,106,103,103,96,94,96,88
Cuba,93.0,93.0,93.0,93.0,93.0,94.0,94.0,94.0,94.0,95.0,95.0,95.0,95.0,95.0,96.0,96.0,96.0,121,119,112,112,109,110,103,102,100,99,97,92,96,96,95,94,92
Cyprus,100.0,100.0,100.0,100.0,100.0,100.0,100.0,100.0,100.0,100.0,100.0,100.0,100.0,100.0,100.0,100.0,100.0,80,70,71,69,74,75,64,70,68,68,65,58,55,58,61,57,55
Czechia,100.0,100.0,100.0,100.0,100.0,100.0,100.0,100.0,100.0,100.0,100.0,100.0,100.0,100.0,100.0,100.0,100.0,124,121,119,121,115,113,108,106,105,101,98,96,93,89,85,83,81
Democratic People's Republic of Korea,99.0,99.0,99.0,99.0,99.0,99.0,98.0,98.0,98.0,97.0,97.0,97.0,96.0,96.0,96.0,95.0,95.0,191,177,167,166,166,166,166,166,165,160,154,147,142,139,136,134,132
Democratic Republic of the Congo,34.0,34.0,35.0,35.0,36.0,37.0,37.0,38.0,38.0,39.0,40.0,40.0,41.0,41.0,42.0,43.0,43.0,342,338,341,333,324,315,307,299,295,291,283,278,276,272,265,260,256
Denmark,100.0,100.0,100.0,100.0,100.0,100.0,100.0,100.0,100.0,100.0,100.0,100.0,100.0,100.0,100.0,100.0,100.0,100,100,101,98,95,89,91,91,86,84,83,78,75,72,68,66,65
Djibouti,75.0,75.0,75.0,75.0,76.0,76.0,76.0,76.0,76.0,76.0,76.0,76.0,76.0,76.0,76.0,76.0,76.0,322,325,327,325,323,314,308,298,291,279,271,266,260,255,256,248,245
Dominican Republic,90.0,91.0,91.0,92.0,92.0,93.0,93.0,93.0,94.0,94.0,95.0,95.0,95.0,96.0,96.0,96.0,96.0,212,214,215,215,218,213,207,201,192,185,180,175,171,168,166,163,160
Ecuador,82.0,83.0,84.0,85.0,85.0,86.0,87.0,87.0,88.0,89.0,90.0,90.0,91.0,92.0,92.0,93.0,94.0,160,154,153,146,145,149,144,141,141,137,134,130,127,122,119,117,114
Egypt,98.0,98.0,98.0,98.0,98.0,98.0,98.0,98.0,99.0,99.0,99.0,99.0,99.0,99.0,99.0,99.0,99.0,166,173,174,175,173,172,174,172,174,178,178,175,174,167,165,166,165
El Salvador,78.0,78.0,80.0,81.0,82.0,83.0,85.0,86.0,87.0,88.0,90.0,91.0,92.0,93.0,94.0,96.0,97.0,218,222,213,211,209,206,203,200,198,197,192,189,186,184,182,180,177
Equatorial Guinea,51.0,52.0,53.0,53.0,54.0,55.0,56.0,57.0,58.0,59.0,60.0,62.0,63.0,64.0,64.0,64.0,64.0,359,358,358,359,361,360,357,356,348,345,335,335,336,327,307,301,305
Eritrea,47.0,47.0,47.0,48.0,48.0,48.0,49.0,49.0,50.0,50.0,50.0,50.0,50.0,51.0,51.0,51.0,52.0,600,348,348,347,342,335,326,317,309,301,293,285,277,271,265,258,252
Estonia,99.0,99.0,99.0,99.0,99.0,99.0,99.0,100.0,100.0,100.0,100.0,100.0,100.0,100.0,100.0,100.0,100.0,216,224,210,197,193,187,186,187,164,154,134,136,134,122,124,116,119
Eswatini,53.0,54.0,55.0,56.0,57.0,58.0,58.0,59.0,60.0,61.0,62.0,63.0,64.0,65.0,66.0,67.0,68.0,540,580,610,633,650,652,628,587,554,524,503,469,443,421,408,398,393
Ethiopia,18.0,20.0,21.0,23.0,25.0,26.0,28.0,29.0,31.0,33.0,34.0,36.0,37.0,39.0,41.0,42.0,44.0,406,392,390,386,375,358,339,316,295,278,262,249,240,234,230,225,219
Fiji,94.0,94.0,94.0,94.0,94.0,94.0,94.0,94.0,94.0,94.0,94.0,94.0,94.0,94.0,94.0,94.0,94.0,222,221,220,220,218,214,212,209,206,203,200,197,195,192,190,188,186
Finland,100.0,100.0,100.0,100.0,100.0,100.0,100.0,100.0,100.0,100.0,100.0,100.0,100.0,100.0,100.0,100.0,100.0,104,99,97,97,101,100,95,96,94,90,88,84,80,78,73,70,70
France,100.0,100.0,100.0,100.0,100.0,100.0,100.0,100.0,100.0,100.0,100.0,100.0,100.0,100.0,100.0,100.0,100.0,99,99,98,97,92,92,90,88,87,87,85,83,80,77,74,73,71
Gabon,81.0,81.0,81.0,82.0,82.0,82.0,82.0,82.0,83.0,83.0,83.0,83.0,83.0,83.0,83.0,84.0,84.0,317,325,331,335,338,326,308,305,304,300,288,282,269,251,235,228,221
Gambia,74.0,74.0,75.0,75.0,75.0,76.0,76.0,76.0,77.0,77.0,77.0,78.0,78.0,79.0,79.0,79.0,80.0,304,301,299,297,294,290,284,282,283,283,282,275,269,266,267,265,262
Georgia,94.0,94.0,94.0,94.0,94.0,94.0,95.0,95.0,95.0,95.0,95.0,95.0,95.0,95.0,96.0,96.0,96.0,129,125,152,144,148,144,145,140,150,156,157,153,157,158,155,156,160
Germany,100.0,100.0,100.0,100.0,100.0,100.0,100.0,100.0,100.0,100.0,100.0,100.0,100.0,100.0,100.0,100.0,100.0,95,92,91,89,85,84,83,82,81,80,78,75,73,73,70,71,69
Ghana,64.0,65.0,66.0,67.0,68.0,69.0,70.0,71.0,72.0,73.0,75.0,76.0,77.0,78.0,79.0,80.0,81.0,310,310,310,309,307,303,298,291,283,276,269,263,255,250,248,245,241
Greece,100.0,100.0,100.0,100.0,100.0,100.0,100.0,100.0,100.0,100.0,100.0,100.0,100.0,100.0,100.0,100.0,100.0,82,81,79,80,80,79,76,78,75,76,74,73,72,68,67,68,66
Grenada,93.0,94.0,94.0,94.0,94.0,94.0,95.0,95.0,95.0,95.0,96.0,96.0,96.0,96.0,96.0,96.0,96.0,182,178,175,175,186,171,167,164,162,158,154,150,147,145,143,141,140
Guatemala,86.0,87.0,87.0,88.0,88.0,88.0,89.0,89.0,90.0,90.0,90.0,91.0,91.0,91.0,92.0,92.0,92.0,220,214,206,209,206,211,205,191,186,191,186,180,173,172,169,165,162
Guinea,53.0,54.0,55.0,56.0,57.0,58.0,59.0,60.0,61.0,62.0,63.0,63.0,63.0,63.0,63.0,64.0,64.0,329,341,345,345,339,329,316,304,300,294,286,282,279,275,290,277,262
Guinea-Bissau,56.0,56.0,57.0,57.0,57.0,57.0,57.0,58.0,58.0,58.0,58.0,58.0,58.0,59.0,59.0,59.0,59.0,291,293,296,300,303,305,307,307,304,299,298,296,289,281,282,278,269
Guyana,88.0,88.0,89.0,89.0,90.0,90.0,91.0,91.0,92.0,92.0,93.0,93.0,94.0,94.0,95.0,95.0,96.0,282,273,280,277,270,267,267,257,249,252,258,263,272,263,264,264,264
Haiti,56.0,57.0,58.0,59.0,59.0,60.0,60.0,61.0,61.0,62.0,62.0,63.0,63.0,64.0,64.0,65.0,65.0,306,303,300,297,318,290,282,272,266,257,683,256,256,253,248,245,243
Honduras,85.0,86.0,86.0,87.0,87.0,88.0,89.0,89.0,90.0,90.0,91.0,91.0,92.0,92.0,93.0,93.0,94.0,176,174,172,170,166,164,162,160,158,156,156,153,151,149,148,147,145
Hungary,100.0,100.0,100.0,100.0,100.0,100.0,100.0,100.0,100.0,100.0,100.0,100.0,100.0,100.0,100.0,100.0,100.0,193,185,184,184,180,182,178,176,164,160,152,147,143,136,133,132,126
Iceland,100.0,100.0,100.0,100.0,100.0,100.0,100.0,100.0,100.0,100.0,100.0,100.0,100.0,100.0,100.0,100.0,100.0,76,73,66,63,61,61,62,60,57,55,53,51,50,53,55,54,55
India,80.0,81.0,82.0,82.0,83.0,83.0,84.0,84.0,85.0,85.0,86.0,86.0,87.0,87.0,88.0,88.0,89.0,224,222,219,216,214,211,208,204,201,198,194,191,188,186,183,181,178
Indonesia,75.0,76.0,77.0,78.0,79.0,80.0,81.0,82.0,83.0,84.0,84.0,85.0,86.0,87.0,88.0,89.0,89.0,187,187,188,188,212,189,190,190,190,189,187,185,183,181,180,178,176
Iran (Islamic Republic of),94.0,94.0,95.0,95.0,95.0,95.0,95.0,96.0,96.0,96.0,96.0,96.0,96.0,97.0,97.0,97.0,97.0,153,150,147,159,142,141,140,138,134,122,107,95,87,84,83,82,80
Iraq,81.0,82.0,83.0,84.0,84.0,85.0,86.0,87.0,88.0,89.0,90.0,91.0,92.0,92.0,93.0,94.0,95.0,148,141,140,213,202,210,250,228,169,150,144,144,145,162,192,180,174
Ireland,97.0,97.0,97.0,97.0,97.0,97.0,97.0,97.0,97.0,97.0,97.0,97.0,97.0,97.0,97.0,97.0,97.0,93,88,86,80,79,75,75,72,72,74,65,67,66,64,62,63,62
Israel,100.0,100.0,100.0,100.0,100.0,100.0,100.0,100.0,100.0,100.0,100.0,100.0,100.0,100.0,100.0,100.0,100.0,80,79,81,76,73,72,69,67,64,61,60,59,58,59,58,58,58
Italy,100.0,100.0,100.0,100.0,100.0,100.0,100.0,100.0,100.0,100.0,100.0,100.0,100.0,100.0,100.0,100.0,100.0,75,73,71,70,66,65,64,62,61,60,58,58,57,56,54,55,54
Jamaica,93.0,93.0,93.0,94.0,93.0,93.0,93.0,92.0,92.0,92.0,91.0,91.0,90.0,90.0,90.0,90.0,91.0,173,175,171,170,168,164,154,151,147,143,139,139,137,135,132,133,131
Japan,98.0,98.0,98.0,98.0,98.0,99.0,99.0,99.0,99.0,99.0,99.0,99.0,99.0,99.0,99.0,99.0,99.0,72,70,68,68,67,68,67,66,64,63,61,62,57,56,54,53,51
Jordan,99.0,99.0,99.0,99.0,99.0,99.0,99.0,99.0,99.0,99.0,99.0,99.0,99.0,99.0,99.0,99.0,99.0,133,131,129,127,125,127,122,120,119,117,116,115,114,113,113,111,111
Kazakhstan,90.0,91.0,91.0,91.0,92.0,92.0,92.0,93.0,93.0,93.0,94.0,94.0,94.0,95.0,95.0,95.0,95.0,287,283,276,283,289,297,299,293,264,240,243,232,224,211,199,192,181
Kenya,47.0,48.0,49.0,50.0,50.0,51.0,52.0,52.0,53.0,54.0,55.0,55.0,56.0,57.0,57.0,58.0,59.0,458,465,468,466,459,438,410,372,344,314,285,265,245,241,239,232,219
Kiribati,60.0,61.0,62.0,63.0,63.0,64.0,65.0,66.0,68.0,69.0,69.0,70.0,71.0,72.0,73.0,74.0,75.0,222,219,217,215,214,213,212,211,210,209,207,206,205,203,201,199,197
Kuwait,100.0,100.0,100.0,100.0,100.0,100.0,100.0,100.0,100.0,100.0,100.0,100.0,100.0,100.0,100.0,100.0,100.0,94,92,91,90,89,88,87,86,85,85,84,84,83,82,81,80,79
Kyrgyzstan,80.0,80.0,81.0,81.0,82.0,82.0,83.0,84.0,84.0,85.0,85.0,86.0,87.0,87.0,88.0,88.0,89.0,228,219,217,217,217,223,233,230,218,204,209,196,189,183,175,167,162
Lao People's Democratic Republic,46.0,49.0,51.0,53.0,56.0,58.0,60.0,62.0,64.0,66.0,68.0,70.0,72.0,74.0,76.0,77.0,80.0,278,271,265,259,252,246,240,234,228,223,218,214,209,205,201,197,193
Latvia,98.0,98.0,98.0,98.0,98.0,98.0,98.0,98.0,98.0,98.0,98.0,98.0,98.0,98.0,98.0,99.0,99.0,217,229,221,212,209,220,232,224,200,185,178,167,162,164,159,154,154
Lebanon,86.0,86.0,87.0,87.0,87.0,88.0,88.0,88.0,89.0,89.0,89.0,90.0,90.0,91.0,91.0,91.0,92.0,114,112,110,107,105,103,116,99,99,96,95,111,95,98,99,98,96
Lesotho,66.0,66.0,67.0,67.0,67.0,68.0,68.0,68.0,68.0,69.0,69.0,69.0,70.0,70.0,70.0,71.0,71.0,507,546,581,608,627,637,620,590,521,493,478,467,478,487,495,498,483
Liberia,62.0,63.0,64.0,64.0,65.0,66.0,67.0,68.0,68.0,69.0,70.0,70.0,71.0,71.0,72.0,73.0,73.0,315,324,350,377,306,302,296,286,278,269,258,247,239,236,310,241,230
Libya,84.0,85.0,86.0,87.0,88.0,89.0,89.0,90.0,91.0,92.0,93.0,94.0,95.0,96.0,96.0,97.0,98.0,147,146,145,143,141,138,135,133,131,130,128,156,126,126,137,147,150
Lithuania,90.0,90.0,91.0,91.0,91.0,92.0,92.0,93.0,93.0,94.0,94.0,95.0,95.0,96.0,96.0,97.0,97.0,200,214,207,207,209,228,235,246,229,197,188,184,180,179,167,165,155
Luxembourg,100.0,100.0,100.0,100.0,100.0,100.0,100.0,100.0,100.0,100.0,100.0,100.0,100.0,100.0,100.0,100.0,100.0,90,90,87,85,79,81,78,75,69,67,67,66,63,60,55,52,56
Madagascar,36.0,37.0,38.0,38.0,39.0,40.0,41.0,42.0,43.0,44.0,44.0,45.0,46.0,47.0,48.0,49.0,50.0,283,276,271,268,267,265,263,261,258,254,247,241,235,230,225,220,216
Malawi,54.0,55.0,56.0,56.0,57.0,58.0,59.0,60.0,61.0,61.0,62.0,63.0,64.0,65.0,65.0,66.0,67.0,535,543,547,550,549,535,511,477,438,399,366,344,325,298,279,266,255
Malaysia,97.0,97.0,97.0,97.0,97.0,97.0,97.0,97.0,97.0,97.0,97.0,97.0,97.0,97.0,97.0,97.0,97.0,145,144,143,141,140,138,137,135,134,133,132,130,129,129,128,126,123
Maldives,94.0,94.0,95.0,95.0,95.0,96.0,96.0,96.0,97.0,97.0,97.0,98.0,98.0,98.0,99.0,99.0,99.0,142,135,128,114,118,93,88,83,80,76,71,66,62,59,57,54,53
Mali,49.0,51.0,53.0,54.0,56.0,58.0,59.0,61.0,63.0,64.0,66.0,68.0,69.0,71.0,73.0,74.0,76.0,335,327,321,316,310,302,298,292,288,285,283,281,280,284,281,277,270
Malta,100.0,100.0,100.0,100.0,100.0,100.0,100.0,100.0,100.0,100.0,100.0,100.0,100.0,100.0,100.0,100.0,100.0,70,69,68,66,64,63,63,65,62,61,58,59,57,57,53,55,55
Mauritania,41.0,42.0,44.0,45.0,47.0,49.0,51.0,52.0,54.0,56.0,58.0,60.0,61.0,63.0,65.0,67.0,69.0,229,228,227,226,225,224,221,219,216,214,213,211,208,207,206,204,202
Mauritius,99.0,99.0,99.0,99.0,99.0,100.0,100.0,100.0,100.0,100.0,100.0,100.0,100.0,100.0,100.0,100.0,100.0,172,172,173,168,164,164,162,160,165,165,162,156,152,145,148,148,145
Mexico,90.0,91.0,91.0,92.0,92.0,93.0,94.0,94.0,95.0,95.0,96.0,96.0,97.0,97.0,98.0,98.0,98.0,138,135,136,136,132,134,131,129,133,136,136,133,131,127,129,128,127
Micronesia (Federated States of),85.0,86.0,86.0,86.0,86.0,86.0,87.0,87.0,87.0,87.0,87.0,88.0,88.0,88.0,88.0,88.0,88.0,185,183,201,180,179,178,176,175,174,173,172,171,169,168,167,168,164
Mongolia,62.0,64.0,65.0,66.0,68.0,69.0,71.0,72.0,73.0,75.0,76.0,77.0,78.0,79.0,80.0,81.0,82.0,273,271,268,265,261,258,254,250,248,241,234,227,222,218,215,213,211
Montenegro,79.93785310734464,80.35028248587571,80.69832402234637,81.08938547486034,81.53072625698324,82.13812154696133,95.0,95.0,96.0,96.0,96.0,96.0,97.0,97.0,97.0,97.0,98.0,140,137,133,132,131,130,127,123,119,115,112,111,108,105,103,101,99
Morocco,62.0,64.0,65.0,66.0,68.0,69.0,71.0,72.0,74.0,75.0,77.0,78.0,80.0,81.0,82.0,84.0,85.0,159,152,146,139,129,116,106,97,92,87,82,78,75,73,72,70,69
Mozambique,21.0,22.0,24.0,26.0,28.0,29.0,31.0,33.0,35.0,38.0,40.0,42.0,44.0,47.0,49.0,51.0,54.0,428,433,439,446,450,452,452,444,427,414,409,406,404,402,387,359,336
Myanmar,47.0,49.0,50.0,52.0,54.0,55.0,57.0,59.0,60.0,62.0,64.0,66.0,68.0,70.0,72.0,74.0,76.0,245,243,240,238,236,233,230,227,307,219,215,211,208,203,200,197,195
Namibia,76.0,77.0,77.0,78.0,78.0,78.0,79.0,79.0,80.0,80.0,81.0,81.0,81.0,82.0,82.0,83.0,83.0,428,454,479,500,513,497,463,409,354,332,328,310,293,287,286,296,296
Nepal,80.0,81.0,81.0,82.0,82.0,83.0,83.0,84.0,84.0,85.0,85.0,86.0,86.0,87.0,87.0,88.0,88.0,241,234,242,225,221,210,201,194,188,183,178,173,169,164,160,166,151
Netherlands,100.0,100.0,100.0,100.0,100.0,100.0,100.0,100.0,100.0,100.0,100.0,100.0,100.0,100.0,100.0,100.0,100.0,83,82,81,80,76,72,70,67,67,65,64,64,63,61,59,58,59
New Zealand,100.0,100.0,100.0,100.0,100.0,100.0,100.0,100.0,100.0,100.0,100.0,100.0,100.0,100.0,100.0,100.0,100.0,86,83,82,81,79,77,75,76,74,73,71,71,68,66,67,67,66
Nicaragua,81.0,81.0,81.0,81.0,81.0,81.0,81.0,81.0,81.0,81.0,81.0,81.0,81.0,81.0,81.0,81.0,81.0,197,195,192,189,185,179,174,170,165,162,160,158,155,153,150,148,146
Niger,37.0,38.0,38.0,39.0,40.0,41.0,41.0,42.0,42.0,43.0,43.0,44.0,44.0,45.0,45.0,45.0,46.0,293,292,291,289,287,285,281,279,277,274,269,267,264,261,258,257,250
Nigeria,43.0,45.0,46.0,48.0,50.0,51.0,53.0,55.0,57.0,58.0,60.0,62.0,64.0,65.0,67.0,69.0,71.0,407,411,414,415,411,402,395,388,385,380,378,376,373,367,361,355,352
Norway,100.0,100.0,100.0,100.0,100.0,100.0,100.0,100.0,100.0,100.0,100.0,100.0,100.0,100.0,100.0,100.0,100.0,84,81,80,77,76,72,69,67,66,67,65,66,60,61,57,54,55
Oman,86.0,86.0,86.0,86.0,86.0,86.0,86.0,87.0,87.0,87.0,88.0,88.0,89.0,89.0,90.0,90.0,91.0,139,134,130,127,122,118,115,113,110,108,107,105,103,101,100,98,96
Pakistan,87.0,87.0,88.0,88.0,88.0,88.0,88.0,88.0,88.0,89.0,89.0,89.0,89.0,89.0,89.0,89.0,90.0,190,188,187,185,183,200,180,178,177,177,175,171,170,168,167,166,159
Panama,90.0,90.0,90.0,91.0,91.0,91.0,91.0,91.0,92.0,92.0,92.0,92.0,92.0,92.0,93.0,93.0,93.0,120,120,120,120,117,116,119,119,122,122,117,117,116,114,111,112,111
Papua New Guinea,33.0,33.0,33.0,33.0,33.0,34.0,35.0,35.0,36.0,37.0,38.0,38.0,39.0,40.0,41.0,41.0,42.0,276,273,269,265,260,254,249,243,237,235,235,235,234,231,228,226,224
Paraguay,76.0,77.0,79.0,80.0,82.0,83.0,85.0,86.0,88.0,89.0,90.0,92.0,93.0,94.0,96.0,97.0,98.0,171,169,167,166,165,164,161,159,157,154,152,150,149,148,147,146,146
Peru,80.0,81.0,82.0,83.0,83.0,84.0,85.0,85.0,86.0,87.0,87.0,88.0,89.0,89.0,90.0,90.0,91.0,155,153,150,148,145,143,141,139,136,135,132,130,129,128,127,125,124
Philippines,86.0,86.0,87.0,87.0,88.0,88.0,88.0,89.0,89.0,90.0,90.0,90.0,91.0,91.0,92.0,92.0,92.0,213,215,216,212,213,217,215,208,207,207,203,202,200,199,197,195,194
Poland,79.93785310734464,80.35028248587571,80.69832402234637,81.08938547486034,81.53072625698324,98.0,98.0,98.0,98.0,98.0,98.0,98.0,99.0,99.0,99.0,99.0,99.0,152,147,143,140,142,144,145,145,142,137,131,128,126,121,115,115,111
Portugal,99.0,99.0,99.0,99.0,99.0,99.0,99.0,99.0,99.0,99.0,100.0,100.0,100.0,100.0,100.0,100.0,100.0,110,109,107,104,99,97,95,92,89,88,86,84,81,78,77,77,76
Qatar,100.0,100.0,100.0,100.0,100.0,100.0,100.0,100.0,100.0,100.0,100.0,100.0,100.0,100.0,100.0,100.0,100.0,74,73,72,70,69,67,66,66,65,65,65,65,65,65,64,63,62
Republic of Korea,79.93785310734464,80.35028248587571,99.0,99.0,99.0,99.0,99.0,99.0,99.0,99.0,99.0,99.0,99.0,99.0,99.0,99.0,100.0,114,105,99,95,90,86,82,80,79,78,76,74,70,68,66,63,61
Republic of Moldova,83.0,83.0,84.0,84.0,84.0,85.0,85.0,85.0,86.0,86.0,87.0,87.0,87.0,88.0,88.0,89.0,89.0,226,219,216,217,216,240,237,232,222,217,223,183,183,170,180,184,167
North Macedonia,97.0,97.0,97.0,97.0,97.0,97.0,97.0,97.0,97.0,97.0,97.0,97.0,97.0,97.0,97.0,97.0,98.0,124,128,127,124,119,118,120,118,109,109,106,102,102,98,98,97,96
Romania,100.0,100.0,100.0,100.0,100.0,100.0,100.0,100.0,100.0,100.0,100.0,100.0,100.0,100.0,100.0,100.0,100.0,175,179,178,174,166,162,158,155,160,160,155,141,141,134,140,136,135
Russian Federation,95.0,95.0,95.0,95.0,96.0,96.0,96.0,96.0,96.0,96.0,96.0,96.0,96.0,96.0,96.0,97.0,97.0,311,311,317,325,321,326,299,279,274,256,251,237,230,221,214,208,203
Rwanda,45.0,46.0,47.0,48.0,49.0,49.0,50.0,51.0,52.0,52.0,53.0,54.0,55.0,56.0,56.0,57.0,58.0,451,456,429,417,399,366,321,282,263,266,239,228,219,212,207,203,198
Saint Lucia,90.0,90.0,90.0,91.0,91.0,91.0,92.0,92.0,93.0,93.0,93.0,94.0,94.0,95.0,95.0,96.0,96.0,186,181,176,169,162,158,155,153,152,152,153,153,153,149,145,148,147
Saint Vincent and the Grenadines,93.0,93.0,93.0,94.0,94.0,94.0,94.0,94.0,94.0,94.0,95.0,95.0,95.0,95.0,95.0,95.0,95.0,196,195,196,192,188,182,179,173,169,162,163,167,174,174,170,164,169
Samoa,89.0,89.0,89.0,89.0,89.0,89.0,89.0,89.0,90.0,90.0,90.0,90.0,91.0,91.0,91.0,91.0,92.0,180,176,175,169,161,157,149,144,139,164,134,127,124,118,115,113,110
Sao Tome and Principe,68.0,69.0,69.0,70.0,71.0,71.0,72.0,73.0,73.0,74.0,74.0,75.0,76.0,76.0,77.0,77.0,78.0,227,225,225,227,229,227,223,220,217,212,205,202,198,195,193,192,191
Saudi Arabia,97.0,97.0,97.0,98.0,98.0,98.0,98.0,98.0,98.0,99.0,99.0,99.0,99.0,99.0,99.0,100.0,100.0,112,109,107,106,105,104,103,102,101,99,97,95,94,92,91,90,89
Senegal,60.0,61.0,62.0,63.0,65.0,66.0,67.0,68.0,70.0,71.0,72.0,74.0,75.0,76.0,77.0,79.0,80.0,250,251,251,250,248,244,240,234,222,215,209,204,200,196,193,189,185
Serbia,89.0,89.0,89.0,89.0,89.0,90.0,90.0,90.0,91.0,91.0,91.0,92.0,92.0,93.0,93.0,93.0,94.0,141,134,131,131,129,128,126,123,122,120,115,113,111,107,106,106,103
Seychelles,93.0,94.0,94.0,94.0,94.0,94.0,95.0,95.0,95.0,95.0,96.0,96.0,96.0,96.0,96.0,96.0,96.0,188,187,185,185,186,185,185,185,185,183,181,177,174,171,168,166,163
Sierra Leone,41.0,41.0,42.0,43.0,44.0,46.0,47.0,48.0,49.0,51.0,52.0,53.0,54.0,55.0,57.0,58.0,59.0,533,520,513,506,496,482,467,453,442,429,415,403,395,393,446,404,389
Singapore,100.0,100.0,100.0,100.0,100.0,100.0,100.0,100.0,100.0,100.0,100.0,100.0,100.0,100.0,100.0,100.0,100.0,79,77,76,73,73,74,71,68,67,62,60,59,57,56,55,54,51
Slovakia,98.0,98.0,98.0,98.0,98.0,98.0,98.0,98.0,98.0,98.0,99.0,99.0,99.0,100.0,100.0,100.0,100.0,147,145,144,143,137,140,138,139,135,130,122,120,115,111,109,107,104
Slovenia,100.0,100.0,100.0,100.0,100.0,100.0,100.0,100.0,100.0,100.0,100.0,100.0,100.0,100.0,100.0,100.0,100.0,122,123,117,119,113,104,107,102,96,91,87,82,81,78,70,74,72
Solomon Islands,79.0,79.0,79.0,79.0,79.0,78.0,77.0,76.0,75.0,74.0,74.0,73.0,72.0,71.0,70.0,69.0,69.0,232,225,218,211,205,199,192,191,181,177,170,165,160,157,156,149,146
Somalia,24.0,25.0,27.0,29.0,30.0,32.0,34.0,34.0,36.0,38.0,40.0,42.0,44.0,46.0,47.0,49.0,50.0,358,354,351,347,345,339,341,342,338,335,335,328,329,313,311,307,316
South Africa,84.0,85.0,86.0,86.0,87.0,87.0,88.0,88.0,89.0,89.0,90.0,90.0,91.0,91.0,91.0,92.0,92.0,362,387,412,437,459,474,477,475,458,435,416,397,361,335,316,305,301
South Sudan,79.93785310734464,80.35028248587571,80.69832402234637,81.08938547486034,81.53072625698324,82.13812154696133,82.65384615384616,83.04395604395604,83.41436464088397,83.83977900552486,84.25966850828729,41.0,41.0,41.0,41.0,41.0,41.0,380,380,382,383,384,385,384,382,377,368,354,349,341,343,343,328,321
Spain,100.0,100.0,100.0,100.0,100.0,100.0,100.0,100.0,100.0,100.0,100.0,100.0,100.0,100.0,100.0,100.0,100.0,84,83,82,82,79,76,73,72,70,67,65,63,61,59,58,58,56
Sri Lanka,80.0,81.0,81.0,82.0,83.0,83.0,84.0,85.0,85.0,86.0,87.0,87.0,88.0,89.0,89.0,90.0,91.0,171,158,150,147,197,139,145,145,171,179,131,131,131,131,131,131,131
Sudan,43.0,43.0,43.0,43.0,43.0,45.0,46.0,48.0,49.0,50.0,52.0,53.0,55.0,56.0,58.0,59.0,60.0,284,282,276,278,278,261,260,253,250,248,243,241,236,232,229,227,224
Suriname,89.0,90.0,90.0,90.0,91.0,91.0,92.0,92.0,93.0,93.0,94.0,94.0,94.0,95.0,95.0,96.0,96.0,222,224,225,222,216,207,203,200,200,197,194,191,188,186,184,182,180
Sweden,99.0,99.0,99.0,99.0,100.0,100.0,100.0,100.0,100.0,100.0,100.0,100.0,100.0,100.0,100.0,100.0,100.0,72,72,70,68,70,66,64,63,62,61,58,58,56,56,55,54,52
Switzerland,100.0,100.0,100.0,100.0,100.0,100.0,100.0,100.0,100.0,100.0,100.0,100.0,100.0,100.0,100.0,100.0,100.0,78,75,73,71,68,66,64,62,59,59,57,54,54,53,50,50,49
Syrian Arab Republic,91.0,92.0,92.0,92.0,92.0,92.0,92.0,93.0,93.0,93.0,93.0,93.0,93.0,93.0,93.0,94.0,94.0,124,124,124,124,125,123,123,123,123,123,124,142,278,338,368,316,301
Tajikistan,57.0,58.0,59.0,60.0,62.0,63.0,64.0,66.0,67.0,68.0,69.0,71.0,72.0,73.0,75.0,76.0,78.0,170,162,157,147,142,155,150,146,141,136,135,133,130,128,127,125,123
Thailand,94.0,94.0,95.0,95.0,96.0,96.0,96.0,97.0,97.0,97.0,98.0,98.0,98.0,99.0,99.0,99.0,99.0,204,201,197,194,194,183,174,170,167,164,161,158,155,154,151,149,147
Timor-Leste,79.93785310734464,80.35028248587571,50.0,52.0,54.0,55.0,57.0,58.0,60.0,62.0,64.0,66.0,69.0,71.0,73.0,75.0,78.0,276,269,261,250,229,206,186,173,168,165,163,161,159,158,155,153,150
Togo,45.0,47.0,48.0,49.0,50.0,52.0,53.0,54.0,55.0,56.0,58.0,59.0,60.0,61.0,62.0,64.0,65.0,322,328,334,338,339,341,332,331,330,321,306,291,281,276,274,271,265
Tonga,98.0,98.0,98.0,98.0,98.0,98.0,98.0,98.0,98.0,98.0,98.0,98.0,98.0,98.0,99.0,99.0,99.0,158,157,155,153,151,150,148,146,145,147,142,141,139,138,136,135,133
Trinidad and Tobago,92.0,93.0,93.0,93.0,94.0,94.0,94.0,95.0,95.0,95.0,96.0,96.0,96.0,97.0,98.0,98.0,99.0,202,204,195,199,196,195,189,188,195,185,179,180,179,177,174,173,172
Tunisia,89.0,89.0,89.0,90.0,90.0,90.0,91.0,91.0,92.0,92.0,92.0,92.0,93.0,94.0,94.0,95.0,95.0,111,110,108,107,106,105,104,103,102,101,99,98,96,95,94,93,91
Türkiye,94.0,94.0,94.0,94.0,94.0,94.0,95.0,95.0,95.0,95.0,95.0,96.0,96.0,96.0,96.0,96.0,96.0,144,140,137,134,132,129,126,124,121,118,116,114,112,109,107,106,104
Turkmenistan,87.0,88.0,88.0,89.0,90.0,91.0,91.0,92.0,93.0,93.0,94.0,95.0,96.0,96.0,97.0,98.0,98.0,215,210,216,218,224,234,231,226,219,196,188,190,189,196,199,198,191
Uganda,27.0,28.0,29.0,30.0,32.0,33.0,34.0,36.0,37.0,39.0,40.0,42.0,43.0,45.0,46.0,48.0,49.0,536,523,510,494,480,448,418,416,407,383,364,348,335,316,304,293,288
Ukraine,98.0,98.0,98.0,98.0,98.0,97.0,97.0,96.0,96.0,96.0,95.0,95.0,94.0,94.0,94.0,94.0,94.0,258,254,257,258,269,280,268,278,275,235,218,209,211,207,212,188,180
United Arab Emirates,100.0,100.0,100.0,100.0,100.0,100.0,100.0,100.0,100.0,100.0,100.0,100.0,100.0,100.0,100.0,100.0,100.0,107,104,101,98,94,91,88,86,85,83,81,80,79,78,76,75,74
United Kingdom of Great Britain and Northern Ireland,100.0,100.0,100.0,100.0,100.0,100.0,100.0,100.0,100.0,100.0,100.0,100.0,100.0,100.0,100.0,100.0,100.0,88,88,87,86,82,81,81,79,78,76,74,71,69,69,68,69,67
United Republic of Tanzania,28.0,29.0,30.0,32.0,34.0,35.0,37.0,39.0,40.0,42.0,44.0,46.0,48.0,49.0,51.0,53.0,55.0,458,458,456,453,448,441,427,401,367,357,343,328,325,298,282,270,261
United States of America,79.93785310734464,80.35028248587571,80.69832402234637,81.08938547486034,81.53072625698324,99.0,99.0,99.0,99.0,99.0,99.0,99.0,99.0,99.0,99.0,99.0,100.0,114,116,115,114,111,112,113,110,108,108,105,106,105,105,106,110,114
Uruguay,97.0,97.0,97.0,97.0,97.0,97.0,98.0,98.0,98.0,98.0,98.0,99.0,99.0,99.0,99.0,99.0,99.0,134,127,129,125,125,125,118,124,119,118,118,117,118,117,114,114,114
Uzbekistan,85.0,86.0,88.0,89.0,90.0,92.0,93.0,94.0,95.0,96.0,96.0,96.0,97.0,97.0,97.0,98.0,98.0,183,177,176,173,174,183,174,165,157,149,145,144,145,141,139,133,131
Vanuatu,82.0,82.0,82.0,82.0,82.0,83.0,84.0,84.0,85.0,86.0,86.0,87.0,88.0,89.0,89.0,90.0,91.0,184,180,176,172,168,164,160,156,153,149,146,142,139,137,136,132,129
Venezuela (Bolivarian Republic of),97.0,97.0,97.0,97.0,97.0,96.0,96.0,96.0,96.0,96.0,95.0,95.0,95.0,95.0,95.0,95.0,94.0,173,175,175,180,168,164,168,170,173,170,162,160,163,159,159,158,157
Viet Nam,81.0,81.0,82.0,83.0,84.0,85.0,86.0,86.0,87.0,88.0,89.0,90.0,90.0,91.0,92.0,93.0,94.0,139,138,137,137,137,137,137,136,135,133,132,131,130,129,128,126,125
Yemen,41.0,41.0,41.0,43.0,44.0,45.0,46.0,47.0,48.0,49.0,51.0,52.0,53.0,54.0,55.0,56.0,57.0,251,251,250,249,248,246,243,241,239,236,234,234,234,225,226,240,221
Zambia,48.0,49.0,50.0,51.0,52.0,53.0,54.0,54.0,55.0,56.0,57.0,58.0,59.0,60.0,61.0,61.0,62.0,594,594,594,593,575,556,532,500,439,396,364,342,325,311,299,295,286
Zimbabwe,72.0,72.0,72.0,71.0,71.0,70.0,70.0,69.0,69.0,68.0,68.0,67.0,66.0,66.0,65.0,65.0,64.0,675,688,695,697,694,681,660,631,596,554,500,440,407,383,358,346,334
